action,plants,actionMs,allocatedBytes,maxFrameMs,plantInfoMs,worldChangedMs,guideMs
chest.open,0,93.378,14641639,150.142,0.000,4.908,0.000
chest.open,0,56.373,12158404,98.901,0.000,0.000,0.000
bed.place,0,103.088,30199700,119.987,0.000,5.313,4.713
water.walk,0,0.009,164996,6.777,0.000,0.000,0.000
water.walk,0,0.001,166146,4.538,0.000,0.000,0.000
water.walk,0,0.001,4589699,26.712,0.000,0.000,0.000
water.walk,0,0.001,273258,7.701,0.000,0.000,0.000
water.walk,0,0.002,223246,5.556,0.000,0.000,0.000
water.walk,0,0.001,230998,4.225,0.000,0.000,0.000
water.walk,0,0.001,209466,4.362,0.000,0.000,0.000
water.walk,0,0.001,167058,4.312,0.000,0.000,0.000
water.walk,0,0.001,167210,4.673,0.000,0.000,0.000
water.walk,0,0.002,231606,5.089,0.000,0.000,0.000
water.walk,0,0.001,210074,4.731,0.000,0.000,0.000
water.walk,0,0.001,167666,3.842,0.000,0.000,0.000
water.walk,0,0.001,167818,3.628,0.000,0.000,0.000
water.walk,0,0.001,232214,4.600,0.000,0.000,0.000
water.walk,0,0.001,210682,4.191,0.000,0.000,0.000
water.walk,0,0.001,168274,3.333,0.000,0.000,0.000
water.walk,0,0.001,168426,2.910,0.000,0.000,0.000
water.walk,0,0.001,168578,4.080,0.000,0.000,0.000
water.walk,0,0.001,232974,4.326,0.000,0.000,0.000
water.walk,0,0.001,230710,7.092,0.000,0.000,0.000
water.walk,0,0.001,175949,4.440,0.000,0.000,0.000
water.walk,0,0.001,169186,4.555,0.000,0.000,0.000
water.walk,0,0.001,286760,13.195,0.000,0.000,0.000
water.walk,0,0.001,487799,11.937,0.000,0.000,4.434
water.walk,0,0.001,244700,6.159,0.000,0.000,0.000
water.walk,0,0.001,212810,4.980,0.000,0.000,0.000
water.walk,0,0.001,170402,2.948,0.000,0.000,0.000
water.walk,0,0.001,234798,5.225,0.000,0.000,0.000
water.walk,0,0.001,213266,5.101,0.000,0.000,0.000
water.walk,0,0.000,170858,3.097,0.000,0.000,0.000
water.walk,0,0.000,171010,2.825,0.000,0.000,0.000
water.walk,0,0.001,171162,4.228,0.000,0.000,0.000
water.walk,0,0.001,235558,5.062,0.000,0.000,0.000
water.walk,0,0.001,214078,5.761,0.000,0.000,0.000
water.walk,0,0.001,171618,3.346,0.000,0.000,0.000
water.walk,0,0.001,171770,4.532,0.000,0.000,0.000
water.walk,0,0.000,236166,4.073,0.000,0.000,0.000
water.walk,0,0.000,214634,5.969,0.000,0.000,0.000
water.walk,0,0.001,172226,4.088,0.000,0.000,0.000
water.walk,0,0.000,172378,3.092,0.000,0.000,0.000
water.walk,0,0.006,236774,5.922,0.000,0.000,0.000
water.walk,0,0.001,215242,5.470,0.000,0.000,0.000
water.walk,0,0.001,172834,4.550,0.000,0.000,0.000
water.walk,0,0.001,172986,4.311,0.000,0.000,0.000
water.walk,0,0.001,237382,5.004,0.000,0.000,0.000
water.walk,0,0.001,215850,5.098,0.000,0.000,0.000
water.walk,0,0.001,345181,5.194,0.000,0.000,0.000
water.walk,0,0.000,192862,4.019,0.000,0.000,0.000
water.walk,0,0.001,244905,5.123,0.000,0.000,0.000
water.walk,0,0.001,216458,5.942,0.000,0.000,0.000
water.walk,0,0.001,174050,4.291,0.000,0.000,0.000
water.walk,0,0.001,174202,3.849,0.000,0.000,0.000
water.walk,0,0.000,238598,4.923,0.000,0.000,0.000
water.walk,0,0.001,217066,6.565,0.000,0.000,0.000
water.walk,0,0.001,174658,3.175,0.000,0.000,0.000
water.walk,0,0.002,174810,4.141,0.000,0.000,0.000
water.walk,0,0.001,239206,5.035,0.000,0.000,0.000
water.walk,0,0.001,217674,5.274,0.000,0.000,0.000
water.walk,0,0.001,175266,4.372,0.000,0.000,0.000
water.walk,0,0.001,175418,3.249,0.000,0.000,0.000
water.walk,0,0.002,248000,6.719,0.000,0.000,0.000
water.walk,0,0.001,218282,4.669,0.000,0.000,0.000
water.walk,0,0.001,175874,3.970,0.000,0.000,0.000
water.walk,0,0.001,176026,4.730,0.000,0.000,0.000
water.walk,0,0.002,240422,4.485,0.000,0.000,0.000
water.walk,0,0.001,218890,5.768,0.000,0.000,0.000
water.walk,0,0.001,176482,4.724,0.000,0.000,0.000
water.walk,0,0.002,176634,3.188,0.000,0.000,0.000
water.walk,0,0.001,247526,3.689,0.000,0.000,0.000
water.walk,0,0.001,219498,6.040,0.000,0.000,0.000
water.walk,0,0.001,177090,4.738,0.000,0.000,0.000
water.walk,0,0.001,3497598,18.257,0.000,0.000,0.000
water.walk,0,0.001,241694,5.209,0.000,0.000,0.000
water.walk,0,0.001,220106,4.760,0.000,0.000,0.000
water.walk,0,0.001,241942,4.804,0.000,0.000,0.000
water.walk,0,0.001,239678,5.594,0.000,0.000,0.000
water.walk,0,0.001,184965,5.413,0.000,0.000,0.000
water.walk,0,0.001,249313,6.255,0.000,0.000,0.000
water.walk,0,0.000,220866,5.155,0.000,0.000,0.000
water.walk,0,0.001,178458,4.429,0.000,0.000,0.000
water.walk,0,0.001,178610,4.247,0.000,0.000,0.000
water.walk,0,0.001,243006,4.419,0.000,0.000,0.000
water.walk,0,0.001,221474,4.181,0.000,0.000,0.000
water.walk,0,0.000,179066,2.819,0.000,0.000,0.000
water.walk,0,0.001,179218,3.849,0.000,0.000,0.000
water.walk,0,0.001,179370,4.380,0.000,0.000,0.000
water.walk,0,0.001,243766,5.933,0.000,0.000,0.000
water.walk,0,0.001,222234,5.495,0.000,0.000,0.000
water.walk,0,0.001,179826,3.430,0.000,0.000,0.000
water.walk,0,0.001,179978,4.149,0.000,0.000,0.000
water.walk,0,0.000,244374,4.403,0.000,0.000,0.000
water.walk,0,0.001,222842,6.375,0.000,0.000,0.000
water.walk,0,0.001,180434,3.699,0.000,0.000,0.000
water.walk,0,0.001,180586,3.486,0.000,0.000,0.000
water.walk,0,0.001,416721,5.232,0.000,0.000,0.000
water.walk,0,0.001,223450,6.273,0.000,0.000,0.000
water.walk,0,0.001,181042,3.422,0.000,0.000,0.000
water.walk,0,0.001,181194,3.102,0.000,0.000,0.000
water.walk,0,0.001,245590,5.857,0.000,0.000,0.000
water.walk,0,0.001,224058,5.849,0.000,0.000,0.000
water.walk,0,0.001,181650,3.853,0.000,0.000,0.000
water.walk,0,0.001,181802,4.901,0.000,0.000,0.000
water.walk,0,0.001,312628,8.775,0.000,0.000,0.000
water.walk,0,0.001,366522,8.978,0.000,0.000,3.578
water.walk,0,0.001,201934,4.587,0.000,0.000,0.000
water.walk,0,0.000,254025,5.404,0.000,0.000,0.000
water.walk,0,0.001,225578,4.721,0.000,0.000,0.000
water.walk,0,0.001,183170,3.157,0.000,0.000,0.000
water.walk,0,0.000,183322,2.759,0.000,0.000,0.000
water.walk,0,0.001,247718,6.067,0.000,0.000,0.000
water.walk,0,0.001,226186,5.852,0.000,0.000,0.000
water.walk,0,0.001,183778,3.595,0.000,0.000,0.000
water.walk,0,0.001,183982,3.268,0.000,0.000,0.000
water.walk,0,0.000,248326,4.024,0.000,0.000,0.000
water.walk,0,0.001,226794,5.496,0.000,0.000,0.000
water.walk,0,0.001,184386,3.171,0.000,0.000,0.000
water.walk,0,0.000,184538,4.685,0.000,0.000,0.000
water.walk,0,0.001,184690,3.574,0.000,0.000,0.000
water.walk,0,0.000,249086,3.957,0.000,0.000,0.000
water.walk,0,0.000,399293,5.194,0.000,0.000,0.000
soil.edit,0,10.643,11938889,58.209,0.000,5.973,4.939
plant.place,0,196.284,42858375,252.862,54.300,37.138,4.003
soil.edit,1,8.011,1739420,57.083,26.908,38.679,3.725
plant.place,1,191.943,44830810,289.093,106.331,82.343,2.676
soil.edit,2,6.239,3098059,86.820,58.569,70.511,4.427
plant.place,2,184.590,46033079,318.447,132.866,118.430,3.960
soil.edit,3,5.019,4565888,135.645,104.341,122.799,2.073
plant.place,3,210.001,47810984,418.787,201.694,192.999,4.286
soil.edit,4,6.284,5916930,184.380,149.477,167.987,3.987
plant.place,4,180.652,49377259,407.205,211.932,209.821,3.986
soil.edit,5,4.553,7394663,247.264,209.882,236.373,1.674
plant.place,5,260.245,51556879,681.870,401.002,398.170,4.273
soil.edit,6,10.488,8880027,399.098,346.941,373.860,3.875
plant.place,6,202.978,52956115,493.839,271.742,274.115,4.892
soil.edit,7,5.841,10399187,287.917,239.863,271.538,4.000
plant.place,7,218.628,56158130,604.482,380.908,370.867,3.789
soil.edit,8,6.248,12909645,345.165,296.319,329.918,3.624
plant.place,8,240.387,58631060,737.442,494.450,480.634,4.054
soil.edit,9,6.152,15318354,468.706,409.854,452.892,3.150
plant.place,9,211.122,64998103,911.092,658.522,587.500,81.050
soil.edit,10,6.124,21391306,630.182,559.312,561.813,53.843
plant.place,10,214.061,68110103,959.480,707.692,670.961,59.376
soil.edit,11,4.888,24294566,790.790,706.526,708.534,65.303
plant.place,11,236.881,70508823,1086.764,808.991,765.974,68.627
chest.open,12,108.498,14413434,163.681,0.000,0.000,0.000
chest.open,12,94.802,14634421,150.603,0.000,0.000,0.000
bed.place,12,161.441,58273409,1018.447,768.290,777.754,64.855
water.walk,12,0.001,205738,4.341,0.000,0.000,0.000
water.walk,12,0.001,202268,3.900,0.000,0.000,0.000
water.walk,12,0.001,3553863,24.634,0.000,0.000,0.000
water.walk,12,0.001,309380,10.736,0.000,0.000,0.000
water.walk,12,0.001,309530,10.728,0.000,0.000,0.000
water.walk,12,0.001,264706,12.211,0.000,0.000,0.000
water.walk,12,0.001,274189,9.509,0.000,0.000,0.000
water.walk,12,0.001,245740,9.629,0.000,0.000,0.000
water.walk,12,0.001,319922,12.267,0.000,0.000,0.000
water.walk,12,0.001,255310,9.576,0.000,0.000,0.000
water.walk,12,0.001,267880,9.946,0.000,0.000,0.000
water.walk,12,0.001,246348,8.435,0.000,0.000,0.000
water.walk,12,0.001,439923,9.738,0.000,0.000,0.000
water.walk,12,0.001,2698849,99.276,71.971,0.000,85.675
water.walk,12,0.001,542276,12.535,0.000,0.000,0.000
water.walk,12,0.001,318573,10.635,0.000,0.000,0.000
water.walk,12,0.001,483549,11.072,0.000,0.000,0.000
water.walk,12,0.001,247718,9.013,0.000,0.000,0.000
water.walk,12,0.001,269552,8.837,0.000,0.000,0.000
water.walk,12,0.001,248020,10.008,0.000,0.000,0.000
water.walk,12,0.001,269910,8.180,0.000,0.000,0.000
water.walk,12,0.001,248324,8.493,0.000,0.000,0.000
water.walk,12,0.001,205916,7.968,0.000,0.000,0.000
water.walk,12,0.000,322658,20.570,0.000,0.000,0.000
water.walk,12,0.001,313026,16.248,0.000,0.000,0.000
water.walk,12,0.002,313178,17.510,0.000,0.000,0.000
water.walk,12,0.001,2944882,155.468,102.687,0.000,125.829
water.walk,12,0.003,900177,32.616,0.000,0.000,0.000
water.walk,12,0.001,384519,18.292,0.000,0.000,0.000
water.walk,12,0.001,366588,17.337,0.000,0.000,0.000
water.walk,12,0.001,314394,16.329,0.000,0.000,0.000
water.walk,12,0.001,314546,14.773,0.000,0.000,0.000
water.walk,12,0.001,2526355,121.509,78.887,0.000,100.861
water.walk,12,0.001,844899,113.217,0.000,0.000,0.000
water.walk,12,0.001,628777,13.639,0.000,0.000,0.000
water.walk,12,0.001,716541,13.001,0.000,0.000,3.713
water.walk,12,0.001,251974,6.143,0.000,0.001,0.000
water.walk,12,0.001,273808,5.016,0.000,0.000,0.000
water.walk,12,0.001,271544,6.041,0.000,0.000,0.000
water.walk,12,0.002,216783,4.362,0.000,0.000,0.000
water.walk,12,0.001,274264,5.276,0.000,0.000,0.000
water.walk,12,0.001,252732,4.938,0.000,0.000,0.000
water.walk,12,0.001,210324,4.620,0.000,0.000,0.000
water.walk,12,0.001,210476,3.213,0.000,0.000,0.000
water.walk,12,0.001,210628,4.186,0.000,0.000,0.000
water.walk,12,0.001,275024,4.688,0.000,0.000,0.000
water.walk,12,0.000,253492,5.271,0.000,0.000,0.000
water.walk,12,0.001,211084,3.268,0.000,0.000,0.000
water.walk,12,0.001,211288,3.952,0.000,0.000,0.000
water.walk,12,0.001,275632,4.724,0.000,0.000,0.000
water.walk,12,0.001,254100,5.540,0.000,0.000,0.000
water.walk,12,0.000,211692,2.760,0.000,0.000,0.000
water.walk,12,0.000,211844,3.871,0.000,0.000,0.000
water.walk,12,0.001,211996,4.703,0.000,0.000,0.000
water.walk,12,0.001,276392,4.878,0.000,0.000,0.000
water.walk,12,0.001,254860,5.827,0.000,0.000,0.000
water.walk,12,0.001,212452,4.360,0.000,0.000,0.000
water.walk,12,0.001,448587,6.756,0.000,0.003,0.000
water.walk,12,0.003,255316,5.701,0.000,0.000,0.000
water.walk,12,0.001,212908,3.158,0.000,0.000,0.000
water.walk,12,0.001,221246,4.597,0.000,0.000,0.000
water.walk,12,0.000,277456,4.034,0.000,0.000,0.000
water.walk,12,0.000,255924,4.344,0.000,0.000,0.000
water.walk,12,0.001,213516,5.100,0.000,0.000,0.000
water.walk,12,0.001,227752,3.694,0.000,0.000,0.000
water.walk,12,0.001,213820,4.541,0.000,0.000,0.000
water.walk,12,0.002,278216,5.076,0.000,0.000,0.000
water.walk,12,0.001,256684,6.232,0.000,0.000,0.000
water.walk,12,0.001,214276,4.985,0.000,0.000,0.000
water.walk,12,0.001,283937,6.453,0.000,0.000,0.000
water.walk,12,0.001,257140,6.176,0.000,0.000,0.000
water.walk,12,0.001,214732,3.223,0.000,0.000,0.000
water.walk,12,0.000,214884,3.485,0.000,0.000,0.000
water.walk,12,0.001,279280,4.489,0.000,0.000,0.000
water.walk,12,0.001,257748,5.409,0.000,0.000,0.000
water.walk,12,0.001,215340,3.215,0.000,0.000,0.000
water.walk,12,0.001,215492,4.700,0.000,0.000,0.000
water.walk,12,0.001,215644,4.045,0.000,0.000,0.000
water.walk,12,0.001,280040,6.203,0.000,0.000,0.000
water.walk,12,0.001,258508,5.365,0.000,0.000,0.000
water.walk,12,0.001,216100,3.734,0.000,0.000,0.000
water.walk,12,0.001,280496,6.103,0.000,0.000,0.000
water.walk,12,0.001,3573816,20.529,0.000,0.000,0.000
water.walk,12,0.001,280804,5.700,0.000,0.000,0.000
water.walk,12,0.001,259268,6.122,0.000,0.000,0.000
water.walk,12,0.001,216912,3.726,0.000,0.000,0.000
water.walk,12,0.001,281256,6.087,0.000,0.000,0.000
water.walk,12,0.001,2376720,69.192,49.409,0.000,60.599
water.walk,12,0.001,480666,12.491,0.000,0.000,0.000
water.walk,12,0.001,503384,7.896,0.000,0.000,0.000
water.walk,12,0.001,324880,6.119,0.000,0.000,0.000
water.walk,12,0.001,260788,5.842,0.000,0.000,0.000
water.walk,12,0.001,218380,3.188,0.000,0.000,0.000
water.walk,12,0.001,218532,5.067,0.000,0.000,0.000
water.walk,12,0.001,282928,5.184,0.000,0.000,0.000
water.walk,12,0.001,261396,6.000,0.000,0.000,0.000
water.walk,12,0.001,218988,3.807,0.000,0.000,0.000
water.walk,12,0.000,219140,4.036,0.000,0.000,0.000
water.walk,12,0.001,283536,5.028,0.000,0.000,0.000
water.walk,12,0.001,262004,4.883,0.000,0.000,0.000
water.walk,12,0.001,219596,2.692,0.000,0.000,0.000
water.walk,12,0.000,219748,3.540,0.000,0.000,0.000
water.walk,12,0.001,219900,4.379,0.000,0.000,0.000
water.walk,12,0.001,284296,4.497,0.000,0.000,0.000
water.walk,12,0.001,262764,5.336,0.000,0.000,0.000
water.walk,12,0.001,220356,3.634,0.000,0.000,0.000
water.walk,12,0.001,227004,3.788,0.000,0.000,0.000
water.walk,12,0.001,284904,5.699,0.000,0.000,0.000
water.walk,12,0.001,263372,4.973,0.000,0.000,0.000
water.walk,12,0.006,220964,4.260,0.000,0.000,0.000
water.walk,12,0.001,221116,3.603,0.000,0.000,0.000
water.walk,12,0.001,285564,4.565,0.000,0.000,0.000
water.walk,12,0.001,263980,4.838,0.000,0.000,0.000
water.walk,12,0.001,221572,3.972,0.000,0.000,0.000
water.walk,12,0.001,221724,3.304,0.000,0.000,0.000
water.walk,12,0.001,393615,4.689,0.000,0.000,0.000
water.walk,12,0.001,286272,4.626,0.000,0.000,0.000
water.walk,12,0.001,264740,6.143,0.000,0.000,0.000
water.walk,12,0.001,227597,3.489,0.000,0.000,0.000
water.walk,12,0.000,222484,3.575,0.000,0.000,0.000
soil.edit,12,5.288,37525346,929.282,805.977,816.447,70.053
plant.place,12,226.494,74107109,1203.328,917.831,876.375,83.036
soil.edit,13,6.526,28632155,950.147,851.127,866.502,67.662
plant.place,13,266.858,77186204,1222.792,906.647,849.951,87.625
soil.edit,14,6.813,31627133,946.097,855.368,853.816,75.904
plant.place,14,213.555,79608062,1290.469,1025.933,978.454,80.918
soil.edit,15,5.137,34453275,1144.614,1032.577,1034.202,95.050
plant.place,15,218.699,84483360,2820.485,1120.768,1092.338,81.126
soil.edit,16,6.137,37055481,1145.224,1035.493,1029.273,97.399
plant.place,16,225.926,85304004,1500.599,1210.556,1178.926,77.461
soil.edit,17,5.525,39680573,1565.877,1439.336,1460.599,82.164
plant.place,17,219.483,87947986,1465.535,1179.561,1153.556,75.268
soil.edit,18,5.461,42019165,1256.547,1137.938,1160.871,80.952
plant.place,18,227.707,89763549,1528.470,1216.711,1203.492,80.050
soil.edit,19,4.980,43977451,1349.289,1226.549,1255.881,76.338
plant.place,19,238.847,93327726,1613.675,1301.664,1275.296,81.863
soil.edit,20,5.180,46704111,1436.690,1301.531,1340.972,82.394
plant.place,20,215.954,96323364,1710.275,1414.862,1400.686,75.028
soil.edit,21,7.059,49454788,1544.036,1408.834,1443.229,83.294
plant.place,21,318.458,99576966,2397.763,1972.330,1948.685,108.720
soil.edit,22,6.263,52290033,1547.757,1406.625,1442.253,84.981
plant.place,22,246.354,102582208,1795.937,1470.188,1450.803,82.086
soil.edit,23,6.649,54922691,1540.224,1404.751,1452.231,71.188
plant.place,23,291.613,105677144,1927.171,1538.098,1541.386,74.208
soil.edit,24,4.994,57666521,1723.233,1571.290,1633.805,76.143
plant.place,24,181.238,107295143,1791.694,1505.269,1512.280,83.204
soil.edit,25,4.947,59826507,1609.439,1467.016,1519.196,77.200
plant.place,25,377.867,111416882,2650.344,2160.694,2165.898,88.706
soil.edit,26,6.485,62794759,2024.317,1847.119,1925.392,81.445
plant.place,26,258.356,114400022,2439.632,2065.514,2072.655,92.491
soil.edit,27,4.992,65791467,2012.543,1846.041,1918.403,78.708
plant.place,27,226.745,117908234,2331.526,1983.956,2011.680,75.866
soil.edit,28,6.066,68663813,2130.935,1967.125,2037.845,77.865
plant.place,28,332.646,121669136,2446.285,1971.814,2015.443,77.137
soil.edit,29,6.019,71937923,2773.624,2561.629,2656.440,95.347
plant.place,29,273.567,124223020,2414.830,2015.856,2029.897,89.370
soil.edit,30,7.545,74786747,2115.568,1942.743,2018.847,79.429
plant.place,30,240.537,126564345,2543.058,2146.961,2210.119,74.958
soil.edit,31,5.238,77246877,2394.957,2209.673,2296.017,81.037
plant.place,31,251.720,130839292,2432.479,2032.278,2087.135,75.846
soil.edit,32,5.317,80490301,2517.298,2320.745,2417.846,83.693
plant.place,32,526.565,142864399,4328.563,2192.484,2228.973,77.999
soil.edit,33,5.827,83615351,2561.294,2364.187,2434.580,108.352
plant.place,33,405.077,138525632,3040.374,2462.473,2532.178,82.143
soil.edit,34,6.172,87133621,2575.791,2374.047,2473.499,87.006
plant.place,34,247.269,141715738,2999.269,2586.795,2645.276,89.906
soil.edit,35,7.241,90570553,3147.371,2910.648,3036.827,90.520
plant.place,35,281.368,145058812,3261.699,2795.184,2870.911,92.206
chest.open,36,181.749,18063938,248.399,0.000,0.000,0.000
chest.open,36,162.751,18155443,230.938,0.000,0.000,0.000
bed.place,36,304.804,129937040,3226.933,2686.384,2817.248,87.601
water.walk,36,0.001,268094,6.407,0.000,0.000,0.000
water.walk,36,0.001,3556688,20.507,0.000,0.000,0.000
water.walk,36,0.001,358812,5.969,0.000,0.000,0.000
water.walk,36,0.001,294716,6.057,0.000,0.000,0.000
water.walk,36,0.001,252308,4.175,0.000,0.000,0.000
water.walk,36,0.001,316704,5.130,0.000,0.000,0.000
water.walk,36,0.001,304436,5.728,0.000,0.000,0.000
water.walk,36,0.001,252764,3.838,0.000,0.000,0.000
water.walk,36,0.001,252916,4.347,0.000,0.000,0.000
water.walk,36,0.001,317312,5.514,0.000,0.000,0.000
water.walk,36,0.000,295780,5.593,0.000,0.000,0.000
water.walk,36,0.001,253372,4.033,0.000,0.000,0.000
water.walk,36,0.002,253524,3.958,0.000,0.000,0.000
water.walk,36,0.001,317920,4.786,0.000,0.000,0.000
water.walk,36,0.001,296388,5.521,0.000,0.000,0.000
water.walk,36,0.000,253980,3.434,0.000,0.000,0.000
water.walk,36,0.001,254132,3.424,0.000,0.000,0.000
water.walk,36,0.001,254284,4.629,0.000,0.000,0.000
water.walk,36,0.001,318680,6.108,0.000,0.000,0.000
water.walk,36,0.001,297148,5.816,0.000,0.000,0.000
water.walk,36,0.001,254740,4.804,0.000,0.000,0.000
water.walk,36,0.001,319136,4.883,0.000,0.000,0.000
water.walk,36,0.001,3946399,105.303,82.470,0.000,93.325
water.walk,36,0.005,645576,13.428,0.000,0.000,0.000
water.walk,36,0.001,369525,6.964,0.000,0.000,0.000
water.walk,36,0.006,470307,8.482,0.000,0.000,0.000
water.walk,36,0.001,320352,4.899,0.000,0.000,0.000
water.walk,36,0.001,298820,6.047,0.000,0.000,0.000
water.walk,36,0.001,256412,4.132,0.000,0.000,0.000
water.walk,36,0.001,256564,3.925,0.000,0.000,0.000
water.walk,36,0.001,320960,5.299,0.000,0.000,0.000
water.walk,36,0.001,299428,5.737,0.000,0.000,0.000
water.walk,36,0.001,257020,3.690,0.000,0.000,0.000
water.walk,36,0.001,257172,3.876,0.000,0.000,0.000
water.walk,36,0.001,321568,5.401,0.000,0.000,0.000
water.walk,36,0.001,300036,5.427,0.000,0.000,0.000
water.walk,36,0.001,257628,4.474,0.000,0.000,0.000
water.walk,36,0.001,257780,3.711,0.000,0.000,0.000
water.walk,36,0.001,322176,5.569,0.000,0.000,0.000
water.walk,36,0.001,300644,5.099,0.000,0.000,0.000
water.walk,36,0.001,258236,3.762,0.000,0.000,0.000
water.walk,36,0.000,258388,4.250,0.000,0.000,0.000
water.walk,36,0.001,258540,3.587,0.000,0.000,0.000
water.walk,36,0.000,322936,5.055,0.000,0.000,0.000
water.walk,36,0.001,315488,6.164,0.000,0.000,0.000
water.walk,36,0.001,258996,3.922,0.000,0.000,0.000
water.walk,36,0.001,259148,3.888,0.000,0.000,0.000
water.walk,36,0.001,323544,5.100,0.000,0.000,0.000
water.walk,36,0.000,3792612,94.426,73.707,0.000,84.259
water.walk,36,0.001,821773,13.318,0.000,0.000,0.000
water.walk,36,0.001,309689,6.857,0.000,0.000,0.000
water.walk,36,0.001,324608,6.600,0.000,0.000,0.000
water.walk,36,0.001,303076,6.259,0.000,0.000,0.000
water.walk,36,0.001,432407,5.874,0.000,0.000,0.000
water.walk,36,0.001,325064,5.722,0.000,0.000,0.000
water.walk,36,0.001,303532,6.263,0.000,0.000,0.000
water.walk,36,0.001,261124,4.555,0.000,0.000,0.000
water.walk,36,0.001,325520,6.262,0.000,0.000,0.000
water.walk,36,0.001,303988,5.617,0.000,0.000,0.000
water.walk,36,0.001,261580,5.353,0.000,0.000,0.000
water.walk,36,0.003,269918,4.627,0.000,0.000,0.000
water.walk,36,0.001,332624,6.073,0.000,0.000,0.000
water.walk,36,0.001,304596,6.456,0.000,0.000,0.000
water.walk,36,0.001,262188,4.331,0.000,0.000,0.000
water.walk,36,0.001,326584,5.331,0.000,0.000,0.000
water.walk,36,0.001,305052,6.005,0.000,0.000,0.000
water.walk,36,0.001,262644,3.624,0.000,0.000,0.000
water.walk,36,0.000,262796,3.962,0.000,0.000,0.000
water.walk,36,0.001,327192,5.678,0.000,0.000,0.000
water.walk,36,0.001,305660,6.058,0.000,0.000,0.000
water.walk,36,0.001,263252,4.553,0.000,0.000,0.000
water.walk,36,0.001,263404,4.237,0.000,0.000,0.000
water.walk,36,0.008,380146,11.133,0.000,0.000,0.000
water.walk,36,0.001,306270,5.311,0.000,0.000,0.000
water.walk,36,0.001,269125,3.675,0.000,0.000,0.000
water.walk,36,0.000,3644060,18.246,0.000,0.000,0.000
water.walk,36,0.001,370972,7.608,0.000,0.000,0.000
water.walk,36,0.001,306876,6.103,0.000,0.000,0.000
water.walk,36,0.001,264468,3.797,0.000,0.000,0.000
water.walk,36,0.001,264620,2.971,0.000,0.000,0.000
water.walk,36,0.001,329016,3.888,0.000,0.000,0.000
water.walk,36,0.000,307536,4.344,0.000,0.000,0.000
water.walk,36,0.001,265076,4.354,0.000,0.000,0.000
water.walk,36,0.001,265228,4.792,0.000,0.000,0.000
water.walk,36,0.001,329624,5.702,0.000,0.000,0.000
water.walk,36,0.001,308092,5.414,0.000,0.000,0.000
water.walk,36,0.001,265684,4.824,0.000,0.000,0.000
water.walk,36,0.001,265836,3.705,0.000,0.000,0.000
water.walk,36,0.000,330232,5.643,0.000,0.000,0.000
water.walk,36,0.001,3819684,111.515,84.733,0.000,100.743
water.walk,36,0.001,776067,9.225,0.000,0.000,0.000
water.walk,36,0.001,382323,6.947,0.000,0.000,0.000
water.walk,36,0.001,309612,5.120,0.000,0.000,0.000
water.walk,36,0.001,331448,6.277,0.000,0.000,0.000
water.walk,36,0.001,309916,6.232,0.000,0.000,0.000
water.walk,36,0.001,281592,4.747,0.000,0.000,0.000
water.walk,36,0.001,267660,3.383,0.000,0.000,0.000
water.walk,36,0.001,384402,11.162,0.000,0.000,0.000
water.walk,36,0.001,482317,7.827,0.000,0.000,0.000
water.walk,36,0.001,332360,5.091,0.000,0.000,0.000
water.walk,36,0.001,310828,4.874,0.000,0.000,0.000
water.walk,36,0.000,268420,3.332,0.000,0.000,0.000
water.walk,36,0.001,268572,2.916,0.000,0.000,0.000
water.walk,36,0.001,268724,4.693,0.000,0.000,0.000
water.walk,36,0.001,333120,4.554,0.000,0.000,0.000
water.walk,36,0.003,311588,5.472,0.000,0.000,0.000
water.walk,36,0.001,269180,4.165,0.000,0.000,0.000
water.walk,36,0.000,269332,3.224,0.000,0.000,0.000
water.walk,36,0.001,333728,6.285,0.000,0.000,0.000
water.walk,36,0.001,312196,5.384,0.000,0.000,0.000
water.walk,36,0.001,269788,3.674,0.000,0.000,0.000
water.walk,36,0.001,269940,3.578,0.000,0.000,0.000
water.walk,36,0.000,334336,4.278,0.000,0.000,0.000
water.walk,36,0.001,3836420,111.544,87.371,0.000,101.121
water.walk,36,0.001,780171,8.922,0.000,0.000,0.000
water.walk,36,0.001,384723,8.311,0.000,0.000,0.000
water.walk,36,0.001,313768,5.707,0.000,0.000,0.000
water.walk,36,0.001,335552,6.286,0.000,0.000,0.000
water.walk,36,0.001,314020,4.598,0.000,0.000,0.000
water.walk,36,0.000,271612,2.982,0.000,0.000,0.000
